time_s,server_time_s,GX,GY,GZ,AX,AY,AZ,phase
0.01,0.074,-5.43,14.47,-4.27,0.60,-0.93,-0.07,Aufheben
0.022,0.09,-9.89,26.86,-11.41,0.73,-1.00,-0.14,Aufheben
0.034,0.109,-7.39,29.05,-23.19,0.78,-1.11,-0.12,Aufheben
0.046,0.114,4.21,17.40,-45.90,0.72,-1.11,-0.21,Aufheben
0.058,0.121,14.04,8.00,-71.41,0.73,-1.06,-0.18,Aufheben
0.07,0.132,16.05,13.37,-92.59,0.74,-0.99,-0.10,Aufheben
0.082,0.148,11.66,26.73,-107.18,0.64,-0.99,-0.00,Aufheben
0.094,0.155,12.82,28.87,-113.77,0.62,-0.97,0.06,Aufheben
0.106,0.171,17.46,35.64,-119.20,0.60,-0.91,0.10,Aufheben
0.118,0.18,16.11,39.79,-122.01,0.66,-0.77,0.07,Aufheben
0.13,0.193,5.25,44.80,-119.75,0.71,-0.72,0.06,Aufheben
0.143,0.21,0.12,53.47,-118.10,0.75,-0.76,0.01,Aufheben
0.155,0.218,-0.98,55.05,-116.82,0.73,-0.73,0.01,Aufheben
0.168,0.239,-10.25,60.18,-116.09,0.77,-0.73,0.02,Aufheben
0.18,0.247,-9.77,58.11,-107.42,0.55,-0.76,-0.05,Aufheben
0.192,0.255,-7.39,51.39,-117.61,0.59,-0.69,-0.03,Aufheben
0.204,0.269,-12.88,37.60,-106.45,0.40,-0.68,-0.05,Aufheben
0.216,0.278,-18.92,15.26,-111.88,0.47,-0.65,-0.05,Aufheben
0.228,0.297,-22.16,5.43,-106.26,0.51,-0.68,-0.05,Aufheben
0.24,0.305,-21.00,5.49,-101.87,0.52,-0.64,-0.08,Aufheben
0.252,0.314,-28.81,4.88,-97.53,0.48,-0.63,-0.12,Aufheben
0.264,0.328,-30.94,-14.40,-92.04,0.49,-0.65,-0.12,Aufheben
0.276,0.349,-29.72,-31.68,-83.98,0.49,-0.63,-0.10,Aufheben
0.288,0.356,-29.79,-46.81,-74.04,0.44,-0.61,-0.08,Aufheben
0.3,0.364,-32.23,-68.05,-64.45,0.37,-0.62,-0.05,Aufheben
0.313,0.378,-35.83,-103.21,-50.90,0.30,-0.62,-0.07,Aufheben
0.325,0.388,-38.27,-119.69,-41.63,0.31,-0.60,-0.10,Aufheben
0.337,0.403,-41.38,-132.14,-31.74,0.32,-0.58,-0.11,Aufheben
0.349,0.413,-40.22,-145.20,-21.00,0.31,-0.58,-0.11,Aufheben
0.361,0.432,-37.72,-170.23,-10.25,0.31,-0.59,-0.15,Aufheben
0.373,0.444,-34.24,-206.67,-4.94,0.33,-0.61,-0.17,Aufheben
0.385,0.451,-31.74,-239.07,-0.79,0.37,-0.65,-0.16,Aufheben
0.397,0.459,-27.34,-259.52,3.54,0.38,-0.65,-0.17,Aufheben
0.409,0.477,-21.85,-278.69,5.80,0.31,-0.65,-0.21,Aufheben
0.421,0.483,-17.21,-297.91,5.98,0.29,-0.65,-0.28,Aufheben
0.434,0.504,-14.47,-318.66,2.62,0.29,-0.66,-0.38,Aufheben
0.446,0.517,-11.54,-338.13,-2.44,0.29,-0.71,-0.53,Aufheben
0.458,0.525,-4.58,-342.22,-6.23,0.48,-0.74,-0.64,Aufheben
0.47,0.533,9.89,-317.50,-3.17,0.60,-0.74,-0.62,Aufheben
0.482,0.552,24.11,-263.92,2.62,0.52,-0.72,-0.58,Aufheben
0.494,0.56,30.64,-211.67,6.96,0.34,-0.75,-0.48,Aufheben
0.506,0.569,32.65,-177.80,6.77,0.28,-0.78,-0.45,Aufheben
0.518,0.583,33.75,-143.49,10.13,0.35,-0.83,-0.42,Aufheben
0.53,0.592,35.40,-112.55,12.57,0.33,-0.85,-0.41,Aufheben
0.542,0.604,36.99,-90.58,14.34,0.30,-0.88,-0.43,Aufheben
0.554,0.617,39.18,-85.27,13.37,0.33,-0.92,-0.46,Aufheben
0.566,0.632,43.52,-88.93,10.56,0.33,-0.90,-0.51,Aufheben
0.578,0.642,46.88,-91.25,8.24,0.29,-0.89,-0.55,Aufheben
0.59,0.661,47.49,-96.31,6.23,0.27,-0.88,-0.57,Aufheben
0.603,0.666,46.75,-98.27,5.13,0.27,-0.89,-0.54,Aufheben
0.615,0.676,46.14,-99.24,3.36,0.31,-0.90,-0.49,Aufheben
0.627,0.689,45.23,-89.90,1.83,0.35,-0.88,-0.45,Aufheben
0.64,0.707,43.15,-70.92,1.16,0.39,-0.85,-0.41,Aufheben
0.652,0.715,39.12,-46.63,2.08,0.39,-0.84,-0.41,Aufheben
0.665,0.728,36.44,-31.49,-1.59,0.28,-0.86,-0.42,Aufheben
0.678,0.747,37.29,-25.63,-5.19,0.33,-0.83,-0.46,Aufheben
0.69,0.757,35.58,-13.79,-6.59,0.35,-0.82,-0.47,Aufheben
0.702,0.767,31.86,0.06,-3.78,0.40,-0.85,-0.52,Aufheben
0.715,0.802,30.94,12.57,3.72,0.34,-0.92,-0.50,Aufheben
0.727,0.803,36.80,15.81,10.19,0.13,-0.91,-0.47,Aufheben
0.739,0.803,35.58,11.66,13.31,0.18,-0.92,-0.43,Aufheben
0.751,0.815,32.90,15.63,6.23,0.26,-0.89,-0.43,Aufheben
0.763,0.828,31.37,17.82,1.53,0.24,-0.85,-0.45,Aufheben
0.775,0.837,30.15,12.08,0.92,0.22,-0.87,-0.49,Aufheben
0.787,0.858,28.75,8.00,0.92,0.23,-0.88,-0.51,Aufheben
0.799,0.865,29.05,11.35,-4.52,0.34,-0.84,-0.56,Aufheben
0.811,0.873,27.65,29.30,-6.35,0.46,-0.87,-0.61,Aufheben
0.823,0.888,31.43,55.54,-6.53,0.42,-0.89,-0.71,Aufheben
0.835,0.92,29.11,62.44,-7.75,0.24,-0.85,-0.74,Aufheben
0.847,0.92,21.36,38.15,-12.76,0.05,-0.87,-0.78,Aufheben
0.859,0.928,25.15,-22.89,-24.23,0.13,-1.03,-0.41,Aufheben
0.871,0.934,28.50,-54.50,-35.03,0.44,-0.94,-0.41,Aufheben
0.883,0.95,29.60,-49.74,-33.26,0.20,-0.88,-0.31,Aufheben
0.895,0.961,31.68,-55.24,-32.96,0.14,-0.96,-0.29,Aufheben
0.907,0.969,35.16,-64.39,-39.00,-0.05,-0.92,-0.29,Aufheben
0.919,0.987,36.25,-74.10,-37.72,0.14,-0.89,-0.36,Aufheben
0.931,0.993,37.90,-53.34,-36.68,0.36,-0.91,-0.46,Aufheben
0.943,1.008,38.88,-22.40,-33.63,0.37,-0.93,-0.47,Aufheben
0.955,1.018,43.27,-15.26,-34.55,0.26,-0.93,-0.43,Aufheben
0.967,1.037,43.52,-31.01,-34.18,0.23,-1.03,-0.35,Aufheben
0.979,1.053,43.95,-38.94,-44.13,0.15,-0.91,-0.29,Aufheben
0.991,1.063,35.58,-39.79,-35.58,0.48,-1.05,-0.30,Aufheben
1.003,1.072,29.11,-3.85,-31.86,0.35,-0.91,-0.40,Aufheben
1.036,1.097,11.41,66.96,-16.91,0.57,-1.02,-0.69,Aufheben
1.048,1.123,10.07,99.55,-14.89,0.34,-0.91,-0.67,Aufheben
1.06,1.139,0.00,94.73,-11.90,0.32,-0.99,-0.58,Aufheben
1.072,1.147,-3.05,78.67,-11.84,0.32,-0.95,-0.49,Aufheben
1.084,1.194,-11.96,60.12,-10.44,0.17,-0.94,-0.44,Aufheben
1.097,1.209,-18.80,30.09,-10.68,0.43,-0.89,-0.41,Aufheben
1.109,1.209,-24.23,40.53,-11.11,0.47,-0.86,-0.45,Aufheben
1.121,1.209,-40.95,41.93,-10.44,0.47,-0.88,-0.50,Aufheben
1.133,1.209,-50.17,38.51,-9.89,0.51,-0.91,-0.53,Aufheben
1.145,1.223,-55.91,49.19,-9.89,0.58,-0.94,-0.59,Aufheben
1.157,1.231,-56.27,76.05,-9.16,0.59,-0.87,-0.74,Aufheben
1.169,1.231,-55.85,103.09,-4.58,0.61,-0.81,-0.74,Aufheben
1.181,1.264,-64.15,119.93,-0.18,0.58,-0.82,-0.66,Aufheben
1.193,1.273,-75.01,128.97,3.72,0.61,-0.81,-0.63,Aufheben
1.205,1.273,-85.02,142.64,9.64,0.69,-0.80,-0.66,Aufheben
1.217,1.292,-92.41,158.20,12.51,0.68,-0.78,-0.64,Aufheben
1.229,1.299,-101.26,165.22,13.49,0.68,-0.76,-0.62,Aufheben
1.241,1.305,-105.77,176.88,12.39,0.74,-0.73,-0.57,Aufheben
1.253,1.314,-103.09,189.58,9.46,0.73,-0.68,-0.46,Aufheben
1.265,1.358,-101.56,192.93,4.88,0.72,-0.61,-0.50,Aufheben
1.277,1.369,-100.10,188.90,-1.22,0.77,-0.61,-0.51,Aufheben
1.289,1.369,-97.78,190.43,-7.69,0.77,-0.59,-0.53,Aufheben
1.301,1.369,-95.89,196.35,-12.51,0.71,-0.55,-0.46,Aufheben
1.313,1.383,-97.96,201.97,-13.67,0.61,-0.49,-0.39,Aufheben
1.325,1.39,-99.67,200.93,-18.37,0.51,-0.42,-0.36,Aufheben
1.337,1.399,-104.86,191.41,-20.57,0.49,-0.36,-0.32,Aufheben
1.349,1.42,-112.73,190.37,-17.58,0.57,-0.33,-0.45,Aufheben
1.361,1.442,-117.68,188.05,-19.96,0.57,-0.34,-0.35,Aufheben
1.373,1.471,-119.69,176.39,-23.25,0.59,-0.34,-0.41,Aufheben
1.385,1.471,-119.81,162.78,-23.25,0.62,-0.36,-0.33,Aufheben
1.397,1.471,-117.49,144.23,-26.67,0.58,-0.35,-0.25,Aufheben
1.409,1.477,-116.27,114.26,-28.87,0.52,-0.34,-0.19,Aufheben
1.421,1.486,-115.91,88.26,-29.91,0.51,-0.31,-0.14,Aufheben
1.434,1.502,-118.04,72.81,-29.42,0.57,-0.29,-0.16,Aufheben
1.446,1.508,-124.82,67.75,-28.44,0.61,-0.32,-0.21,Aufheben
1.459,1.523,-125.49,65.37,-24.96,0.58,-0.35,-0.20,Aufheben
1.471,1.544,-125.31,59.63,-22.34,0.57,-0.36,-0.23,Aufheben
1.483,1.551,-127.81,50.05,-23.32,0.60,-0.39,-0.24,Aufheben
1.495,1.557,-135.68,55.66,-22.52,0.68,-0.44,-0.27,Aufheben
1.508,1.578,-131.10,64.76,-15.01,0.64,-0.48,-0.28,Aufheben
1.52,1.586,-119.08,61.77,-15.63,0.74,-0.54,-0.23,Aufheben
1.532,1.594,-119.45,63.05,-9.40,0.75,-0.52,-0.23,Aufheben
1.544,1.611,-119.32,53.65,-8.67,0.74,-0.53,-0.25,Aufheben
1.556,1.618,-118.47,37.66,-8.73,0.73,-0.56,-0.24,Laufen
1.568,1.647,-114.75,25.39,-2.56,0.77,-0.54,-0.24,Laufen
1.58,1.653,-109.44,19.90,-0.49,0.71,-0.49,-0.21,Laufen
1.592,1.659,-109.56,25.21,7.02,0.73,-0.53,-0.11,Laufen
1.604,1.673,-110.60,25.21,9.64,0.66,-0.54,-0.11,Laufen
1.616,1.68,-108.76,15.08,8.85,0.69,-0.57,-0.08,Laufen
1.628,1.69,-104.43,18.19,9.40,0.78,-0.55,-0.09,Laufen
1.64,1.704,-99.18,30.27,12.57,0.74,-0.53,-0.11,Laufen
1.652,1.715,-93.99,43.40,17.03,0.71,-0.52,-0.13,Laufen
1.664,1.729,-89.48,49.87,17.76,0.70,-0.50,-0.22,Laufen
1.676,1.748,-85.45,55.11,22.22,0.65,-0.50,-0.29,Laufen
1.688,1.754,-79.59,52.43,24.96,0.59,-0.49,-0.29,Laufen
1.7,1.762,-72.57,38.70,26.86,0.55,-0.45,-0.31,Laufen
1.712,1.795,-72.81,28.63,28.81,0.59,-0.43,-0.35,Laufen
1.724,1.796,-70.56,25.15,32.84,0.62,-0.42,-0.38,Laufen
1.736,1.806,-68.91,26.43,36.62,0.64,-0.42,-0.37,Laufen
1.748,1.813,-66.22,24.60,40.89,0.63,-0.39,-0.37,Laufen
1.76,1.822,-69.34,15.69,42.24,0.62,-0.41,-0.33,Laufen
1.772,1.85,-67.57,6.04,41.63,0.66,-0.39,-0.27,Laufen
1.784,1.858,-68.18,-6.41,40.04,0.70,-0.39,-0.18,Laufen
1.796,1.866,-66.22,-20.81,38.94,0.78,-0.40,-0.10,Laufen
1.808,1.879,-60.91,-36.62,35.71,0.82,-0.41,-0.07,Laufen
1.82,1.886,-52.86,-52.37,29.91,0.86,-0.44,-0.07,Laufen
1.832,1.906,-43.27,-63.66,26.98,0.89,-0.40,-0.14,Laufen
1.844,1.915,-38.15,-66.28,25.45,0.87,-0.35,-0.17,Laufen
1.856,1.921,-37.72,-63.17,26.43,0.85,-0.35,-0.25,Laufen
1.868,1.93,-37.54,-59.51,24.35,0.86,-0.39,-0.31,Laufen
1.88,1.952,-37.17,-51.21,23.01,0.92,-0.39,-0.35,Laufen
1.892,1.959,-34.24,-42.48,19.53,0.93,-0.38,-0.36,Laufen
1.904,1.966,-26.00,-31.43,14.77,0.91,-0.42,-0.38,Laufen
1.916,1.992,-16.72,-21.12,15.56,0.89,-0.40,-0.38,Laufen
1.928,1.992,-18.37,-16.60,14.65,0.86,-0.38,-0.38,Laufen
1.94,2.005,-17.94,-9.64,11.78,0.86,-0.41,-0.41,Laufen
1.952,2.019,-14.65,-9.46,11.60,0.84,-0.41,-0.41,Laufen
1.964,2.025,-12.02,-8.97,10.68,0.85,-0.39,-0.39,Laufen
1.976,2.042,-9.70,-9.58,8.91,0.82,-0.39,-0.36,Laufen
1.988,2.082,-3.23,-8.61,8.42,0.81,-0.39,-0.33,Laufen
2.0,2.09,-4.21,-10.13,6.29,0.78,-0.34,-0.35,Laufen
2.012,2.09,-3.54,-12.45,5.62,0.78,-0.33,-0.35,Laufen
2.024,2.09,-3.36,-9.70,5.13,0.77,-0.32,-0.34,Laufen
2.057,2.119,-8.61,-19.41,-0.92,0.77,-0.32,-0.33,Laufen
2.069,2.133,-6.65,-17.76,-0.18,0.80,-0.29,-0.29,Laufen
2.081,2.145,-12.21,-16.54,-0.06,0.78,-0.28,-0.26,Laufen
2.093,2.163,-10.01,-20.08,-1.10,0.77,-0.32,-0.27,Laufen
2.105,2.169,-6.90,-26.06,-2.62,0.74,-0.31,-0.24,Laufen
2.117,2.186,-5.25,-32.23,-3.72,0.77,-0.31,-0.24,Laufen
2.13,2.195,-6.71,-33.39,-1.83,0.81,-0.31,-0.24,Laufen
2.142,2.206,-5.13,-34.73,-4.58,0.83,-0.30,-0.27,Laufen
2.154,2.219,-0.49,-36.01,-3.66,0.84,-0.32,-0.27,Laufen
2.166,2.227,3.36,-36.13,-4.27,0.83,-0.32,-0.27,Laufen
2.178,2.242,7.26,-38.94,-7.39,0.83,-0.32,-0.24,Laufen
2.19,2.266,9.28,-43.33,-10.68,0.87,-0.30,-0.26,Laufen
2.203,2.266,8.97,-42.18,-11.60,0.84,-0.30,-0.29,Laufen
2.215,2.277,10.99,-44.37,-14.71,0.84,-0.28,-0.31,Laufen
2.227,2.291,11.54,-43.82,-15.75,0.84,-0.27,-0.30,Laufen
2.24,2.303,10.99,-40.65,-15.87,0.85,-0.25,-0.33,Laufen
2.252,2.314,8.97,-40.83,-15.63,0.82,-0.24,-0.32,Laufen
2.264,2.393,5.37,-42.36,-15.32,0.82,-0.21,-0.32,Laufen
2.276,2.394,0.85,-44.25,-16.66,0.86,-0.23,-0.31,Laufen
2.288,2.394,-3.48,-50.66,-17.82,0.93,-0.26,-0.31,Laufen
2.3,2.394,-1.16,-55.73,-24.66,1.01,-0.26,-0.32,Laufen
2.312,2.412,2.87,-61.71,-29.05,1.08,-0.25,-0.36,Laufen
2.324,2.412,1.46,-61.95,-33.75,1.14,-0.25,-0.41,Laufen
2.336,2.412,-4.27,-51.88,-33.57,1.16,-0.26,-0.48,Laufen
2.348,2.43,-8.00,-35.40,-33.26,1.11,-0.28,-0.54,Laufen
2.36,2.447,-5.98,-24.72,-34.18,1.04,-0.31,-0.64,Laufen
2.372,2.447,-2.81,-15.81,-34.06,1.01,-0.29,-0.68,Laufen
2.384,2.462,-2.38,-13.00,-34.67,0.97,-0.30,-0.72,Laufen
2.396,2.462,0.85,-15.26,-34.48,0.96,-0.32,-0.72,Laufen
2.408,2.523,3.72,-16.66,-33.87,0.97,-0.33,-0.70,Laufen
2.42,2.54,-0.61,-12.63,-33.33,0.98,-0.33,-0.66,Laufen
2.432,2.54,-5.80,-4.58,-34.61,0.95,-0.33,-0.65,Laufen
2.444,2.54,-6.77,1.83,-34.97,0.90,-0.35,-0.59,Laufen
2.456,2.54,-6.77,6.47,-35.58,0.81,-0.32,-0.50,Laufen
2.468,2.54,-7.32,10.74,-36.87,0.73,-0.27,-0.45,Laufen
2.48,2.551,-9.28,13.24,-37.35,0.69,-0.23,-0.44,Laufen
2.492,2.566,-10.99,14.71,-34.48,0.69,-0.22,-0.43,Laufen
2.504,2.579,-13.55,15.75,-30.40,0.71,-0.22,-0.47,Laufen
2.516,2.59,-16.78,14.28,-26.37,0.73,-0.22,-0.52,Laufen
2.528,2.599,-17.09,10.50,-24.84,0.75,-0.19,-0.56,Laufen
2.54,2.619,-17.40,13.92,-20.20,0.79,-0.20,-0.56,Laufen
2.552,2.625,-19.17,16.97,-15.56,0.77,-0.20,-0.55,Laufen
2.564,2.633,-20.81,15.81,-13.61,0.76,-0.20,-0.54,Laufen
2.576,2.639,-24.17,12.63,-13.67,0.78,-0.19,-0.52,Laufen
2.588,2.65,-25.76,16.36,-10.80,0.79,-0.20,-0.50,Laufen
2.6,2.668,-23.93,16.91,-9.70,0.77,-0.19,-0.50,Laufen
2.612,2.674,-22.83,11.41,-8.12,0.75,-0.20,-0.48,Laufen
2.624,2.687,-23.19,3.66,-8.12,0.76,-0.20,-0.48,Laufen
2.636,2.714,-24.35,2.01,-6.29,0.75,-0.22,-0.49,Laufen
2.648,2.714,-20.51,0.18,-4.46,0.74,-0.22,-0.48,Laufen
2.66,2.722,-19.17,1.53,-2.69,0.72,-0.21,-0.45,Laufen
2.672,2.737,-17.46,1.04,-1.95,0.68,-0.19,-0.42,Laufen
2.684,2.752,-17.58,2.44,-0.31,0.68,-0.18,-0.39,Laufen
2.696,2.771,-16.85,3.48,1.34,0.68,-0.18,-0.36,Laufen
2.708,2.777,-15.26,4.82,2.38,0.68,-0.18,-0.36,Laufen
2.72,2.785,-11.60,3.78,2.75,0.71,-0.13,-0.37,Laufen
2.732,2.795,-8.67,5.07,4.70,0.73,-0.12,-0.39,Laufen
2.745,2.811,-6.96,1.89,5.86,0.73,-0.11,-0.40,Laufen
2.757,2.819,-3.23,0.49,7.39,0.76,-0.10,-0.40,Laufen
2.769,2.834,-0.18,-0.79,7.69,0.76,-0.08,-0.39,Laufen
2.781,2.843,0.98,0.37,6.84,0.74,-0.07,-0.38,Laufen
2.793,2.858,0.55,-1.40,6.47,0.73,-0.05,-0.38,Laufen
2.805,2.875,2.01,-1.04,7.08,0.74,-0.05,-0.37,Laufen
2.817,2.883,2.56,-2.20,6.10,0.73,-0.06,-0.38,Laufen
2.829,2.894,1.59,-3.42,5.92,0.74,-0.04,-0.38,Laufen
2.841,2.909,2.44,-9.46,4.03,0.77,-0.02,-0.38,Laufen
2.853,2.918,3.36,-11.72,2.56,0.78,-0.02,-0.38,Laufen
2.865,2.935,4.46,-11.90,1.22,0.78,-0.01,-0.39,Laufen
2.877,2.947,6.35,-12.57,-0.37,0.79,-0.02,-0.38,Laufen
2.889,2.954,6.29,-14.28,-2.44,0.80,-0.03,-0.38,Laufen
2.901,2.964,6.10,-15.01,-4.33,0.79,-0.05,-0.38,Laufen
2.913,2.985,7.20,-15.56,-5.55,0.81,-0.06,-0.39,Laufen
2.925,2.997,7.57,-15.20,-6.53,0.79,-0.07,-0.41,Laufen
2.937,3.01,9.16,-16.24,-7.93,0.79,-0.10,-0.40,Laufen
2.949,3.021,11.54,-23.25,-8.91,0.80,-0.11,-0.44,Laufen
2.961,3.03,11.29,-29.66,-8.54,0.83,-0.14,-0.47,Laufen
2.973,3.036,11.54,-34.55,-8.85,0.88,-0.19,-0.50,Laufen
2.985,3.048,17.46,-37.96,-7.81,0.91,-0.24,-0.55,Laufen
2.997,3.06,23.56,-34.06,-5.19,0.95,-0.23,-0.57,Laufen
3.009,3.078,28.38,-29.42,0.61,0.98,-0.23,-0.61,Laufen
3.021,3.085,28.63,-27.53,2.56,0.98,-0.23,-0.61,Laufen
3.033,3.095,31.07,-29.72,5.31,1.01,-0.26,-0.61,Laufen
3.045,3.116,34.42,-32.04,10.13,1.04,-0.26,-0.62,Laufen
3.078,3.139,36.62,-39.92,16.91,1.15,-0.34,-0.65,Laufen
3.09,3.152,38.09,-45.35,16.78,1.12,-0.37,-0.61,Laufen
3.102,3.166,35.58,-54.32,11.72,1.06,-0.43,-0.57,Laufen
3.114,3.181,32.04,-63.90,4.70,1.01,-0.45,-0.53,Laufen
3.126,3.189,30.70,-69.82,-2.81,0.87,-0.45,-0.45,Laufen
3.138,3.209,27.95,-74.95,-12.21,0.79,-0.41,-0.41,Laufen
3.15,3.218,23.74,-73.73,-18.80,0.73,-0.41,-0.38,Laufen
3.162,3.225,22.16,-67.02,-23.99,0.69,-0.43,-0.37,Laufen
3.174,3.236,24.11,-60.30,-29.36,0.68,-0.42,-0.36,Laufen
3.186,3.254,24.96,-49.32,-28.93,0.68,-0.42,-0.39,Laufen
3.198,3.26,27.53,-46.51,-31.62,0.71,-0.43,-0.43,Laufen
3.21,3.284,32.59,-42.91,-32.96,0.73,-0.43,-0.48,Laufen
3.222,3.291,37.84,-34.48,-34.91,0.74,-0.42,-0.48,Laufen
3.234,3.303,41.75,-26.37,-35.64,0.75,-0.38,-0.49,Laufen
3.246,3.315,45.10,-18.49,-35.83,0.72,-0.34,-0.47,Laufen
3.258,3.322,45.29,-7.32,-34.73,0.71,-0.31,-0.44,Laufen
3.27,3.332,48.16,2.26,-32.41,0.68,-0.27,-0.40,Laufen
3.282,3.363,48.52,10.93,-31.07,0.62,-0.24,-0.36,Laufen
3.294,3.363,47.73,16.48,-28.44,0.61,-0.21,-0.33,Laufen
3.306,3.371,46.75,18.86,-25.76,0.60,-0.17,-0.30,Laufen
3.318,3.382,46.14,19.65,-20.69,0.60,-0.15,-0.28,Laufen
3.33,3.394,46.88,21.00,-17.27,0.60,-0.13,-0.26,Laufen
3.342,3.407,46.88,16.60,-14.95,0.62,-0.10,-0.26,Laufen
3.354,3.422,42.91,20.45,-12.39,0.64,-0.08,-0.25,Laufen
3.366,3.43,41.63,19.53,-10.62,0.66,-0.06,-0.26,Laufen
3.378,3.445,38.88,17.40,-9.09,0.67,-0.03,-0.27,Laufen
3.39,3.452,35.89,14.77,-6.10,0.70,-0.00,-0.30,Laufen
3.402,3.465,33.20,8.06,-2.50,0.73,0.01,-0.29,Laufen
3.414,3.488,30.58,-0.31,-0.12,0.77,0.01,-0.32,Laufen
3.426,3.495,26.86,-4.46,1.95,0.81,-0.02,-0.35,Laufen
3.438,3.502,21.79,-2.01,3.72,0.87,-0.02,-0.37,Laufen
3.45,3.516,18.55,-4.94,3.72,0.87,-0.04,-0.39,Laufen
3.462,3.533,17.15,-17.46,0.92,0.89,-0.04,-0.40,Laufen
3.474,3.541,11.47,-24.23,0.61,0.93,-0.06,-0.39,Laufen
3.486,3.548,8.97,-29.54,-1.40,0.93,-0.08,-0.38,Laufen
3.499,3.655,5.92,-29.24,-1.53,0.92,-0.08,-0.37,Laufen
3.511,3.655,1.16,-28.38,-3.66,0.89,-0.06,-0.35,Laufen
3.523,3.655,-3.23,-26.43,-5.19,0.84,-0.06,-0.31,Laufen
3.535,3.656,-6.23,-27.89,-6.47,0.83,-0.07,-0.30,Laufen
3.547,3.656,-9.22,-30.46,-8.00,0.85,-0.06,-0.31,Laufen
3.559,3.656,-11.60,-31.80,-8.91,0.86,-0.07,-0.35,Laufen
3.571,3.657,-13.73,-37.29,-9.16,0.89,-0.09,-0.37,Laufen
3.583,3.665,-15.87,-38.45,-10.74,0.97,-0.11,-0.40,Laufen
3.595,3.665,-16.36,-34.79,-10.38,1.00,-0.13,-0.39,Laufen
3.607,3.683,-16.24,-29.54,-11.90,1.02,-0.12,-0.42,Laufen
3.619,3.692,-18.74,-24.29,-12.02,1.03,-0.16,-0.45,Laufen
3.631,3.701,-18.49,-21.67,-13.49,1.05,-0.18,-0.46,Laufen
3.643,3.708,-18.80,-19.10,-15.14,1.04,-0.21,-0.47,Laufen
3.655,3.721,-17.15,-20.51,-17.70,1.08,-0.24,-0.50,Laufen
3.667,3.738,-16.97,-18.74,-19.04,1.12,-0.25,-0.54,Laufen
3.68,3.747,-15.32,-16.05,-18.92,1.12,-0.29,-0.56,Laufen
3.692,3.754,-13.49,-17.70,-17.58,1.13,-0.29,-0.58,Laufen
3.704,3.771,-11.29,-21.91,-15.87,1.16,-0.29,-0.60,Laufen
3.716,3.792,-12.27,-15.08,-13.61,1.20,-0.29,-0.59,Laufen
3.728,3.8,-12.63,-1.77,-9.70,1.21,-0.29,-0.62,Laufen
3.74,3.806,-12.63,11.60,-4.70,1.16,-0.30,-0.61,Laufen
3.752,3.818,-13.61,17.33,-4.70,1.09,-0.29,-0.55,Laufen
3.764,3.829,-15.01,17.94,-5.43,0.93,-0.32,-0.46,Laufen
3.777,3.846,-18.01,14.10,-8.12,0.86,-0.27,-0.39,Laufen
3.789,3.854,-22.16,17.03,-10.50,0.82,-0.23,-0.34,Laufen
3.801,3.865,-25.02,25.51,-8.30,0.74,-0.22,-0.33,Laufen
3.813,3.877,-24.90,28.08,-4.58,0.72,-0.20,-0.36,Laufen
3.825,3.889,-26.98,26.86,-0.98,0.77,-0.21,-0.39,Laufen
3.837,3.913,-26.37,25.94,3.17,0.83,-0.21,-0.43,Laufen
3.849,3.932,-24.05,25.51,7.51,0.87,-0.25,-0.46,Laufen
3.861,3.942,-23.44,22.58,11.60,0.91,-0.26,-0.50,Laufen
3.873,3.942,-19.90,20.51,13.85,0.92,-0.27,-0.51,Laufen
3.885,3.949,-18.80,16.30,12.94,0.91,-0.27,-0.49,Laufen
3.897,3.96,-19.53,15.56,11.72,0.87,-0.27,-0.50,Laufen
3.909,3.992,-18.07,12.33,9.83,0.82,-0.27,-0.48,Laufen
3.921,3.992,-19.35,11.66,7.81,0.78,-0.26,-0.45,Laufen
3.933,4.002,-18.31,9.40,5.00,0.70,-0.26,-0.42,Laufen
3.945,4.008,-16.30,1.04,1.77,0.67,-0.24,-0.39,Laufen
3.957,4.03,-14.28,-4.70,-0.49,0.61,-0.25,-0.38,Laufen
3.969,4.044,-11.11,-16.48,-3.23,0.58,-0.25,-0.34,Laufen
3.981,4.051,-7.63,-27.22,-6.77,0.55,-0.25,-0.36,Laufen
3.993,4.06,-4.33,-35.58,-9.64,0.55,-0.23,-0.35,Laufen
4.005,4.242,-1.16,-42.36,-12.51,0.56,-0.22,-0.36,Laufen
4.017,4.242,0.98,-44.13,-13.67,0.54,-0.22,-0.37,Laufen
4.029,4.242,4.09,-42.66,-14.47,0.53,-0.19,-0.37,Laufen
4.041,4.242,8.36,-43.76,-14.28,0.53,-0.18,-0.40,Laufen
4.053,4.242,10.31,-34.79,-13.73,0.56,-0.15,-0.38,Laufen
4.065,4.242,13.73,-29.42,-12.15,0.53,-0.16,-0.39,Laufen
4.077,4.242,18.92,-26.55,-9.89,0.56,-0.16,-0.39,Laufen
4.11,4.242,28.32,-24.41,-5.07,0.62,-0.17,-0.42,Laufen
4.122,4.242,32.41,-28.08,-4.58,0.64,-0.17,-0.40,Laufen
4.134,4.242,34.73,-30.33,-3.78,0.65,-0.15,-0.41,Laufen
4.146,4.242,36.13,-32.71,-2.01,0.68,-0.15,-0.39,Laufen
4.158,4.242,38.15,-31.01,-0.18,0.70,-0.14,-0.37,Laufen
4.17,4.242,38.94,-32.10,1.16,0.70,-0.12,-0.36,Laufen
4.182,4.25,40.34,-34.73,2.87,0.71,-0.12,-0.37,Laufen
4.194,4.261,42.11,-32.23,5.92,0.78,-0.10,-0.39,Laufen
4.206,4.276,43.33,-32.04,8.42,0.78,-0.10,-0.39,Laufen
4.218,4.283,45.47,-36.87,10.38,0.84,-0.11,-0.43,Laufen
4.23,4.296,45.78,-39.37,11.96,0.89,-0.11,-0.47,Laufen
4.242,4.306,47.73,-43.95,13.49,0.98,-0.13,-0.49,Laufen
4.254,4.322,48.34,-47.49,14.89,1.11,-0.17,-0.54,Laufen
4.266,4.34,50.90,-47.67,15.99,1.18,-0.19,-0.57,Laufen
4.278,4.353,54.26,-49.01,18.19,1.21,-0.21,-0.58,Laufen
4.29,4.353,55.36,-51.45,17.46,1.21,-0.19,-0.56,Laufen
4.302,4.363,45.84,-48.46,15.99,1.18,-0.14,-0.55,Laufen
4.314,4.382,38.57,-45.84,14.10,1.15,-0.17,-0.56,Laufen
4.326,4.393,39.49,-44.37,14.28,1.14,-0.19,-0.53,Laufen
4.338,4.41,36.19,-38.02,14.83,1.12,-0.20,-0.54,Laufen
4.35,4.416,34.85,-38.09,14.10,1.11,-0.24,-0.58,Laufen
4.362,4.424,32.29,-33.08,12.82,1.10,-0.28,-0.59,Laufen
4.374,4.445,32.17,-29.30,8.54,1.06,-0.29,-0.61,Laufen
4.386,4.452,29.42,-28.87,3.66,1.00,-0.31,-0.62,Laufen
4.398,4.462,26.73,-33.94,-4.03,0.87,-0.33,-0.58,Laufen
4.41,4.481,22.77,-37.66,-13.55,0.75,-0.32,-0.51,Laufen
4.422,4.488,18.43,-35.46,-21.30,0.69,-0.26,-0.45,Laufen
4.434,4.5,13.67,-24.72,-27.34,0.66,-0.25,-0.44,Laufen
4.446,4.517,8.61,-16.24,-30.15,0.64,-0.26,-0.45,Laufen
4.458,4.523,7.02,-16.42,-33.69,0.68,-0.29,-0.48,Laufen
4.47,4.533,4.15,-18.74,-35.52,0.77,-0.38,-0.53,Laufen
4.482,4.551,8.97,-20.57,-36.38,0.83,-0.45,-0.60,Laufen
4.495,4.565,13.55,-26.12,-39.79,0.86,-0.47,-0.64,Laufen
4.507,4.574,20.26,-30.03,-40.71,0.85,-0.47,-0.61,Laufen
4.519,4.581,20.32,-27.77,-41.02,0.83,-0.43,-0.58,Laufen
4.531,4.597,18.55,-28.02,-43.09,0.79,-0.40,-0.53,Laufen
4.544,4.933,21.18,-30.21,-44.92,0.75,-0.39,-0.48,Laufen
4.556,4.933,20.26,-27.95,-42.30,0.69,-0.33,-0.41,Laufen
4.568,4.933,18.68,-28.69,-41.20,0.65,-0.29,-0.36,Laufen
4.58,4.933,15.99,-29.72,-39.06,0.61,-0.26,-0.31,Laufen
4.592,4.933,12.15,-29.24,-36.38,0.62,-0.24,-0.27,Laufen
4.604,4.933,9.77,-32.10,-32.90,0.61,-0.20,-0.27,Laufen
4.616,4.933,8.73,-34.48,-29.85,0.61,-0.18,-0.27,Laufen
4.628,4.933,8.42,-39.25,-25.94,0.61,-0.17,-0.26,Laufen
4.64,4.933,7.14,-38.27,-21.42,0.63,-0.14,-0.26,Laufen
4.652,4.933,4.58,-37.48,-18.19,0.62,-0.12,-0.26,Laufen
4.664,4.933,-0.67,-39.79,-13.98,0.65,-0.12,-0.28,Laufen
4.676,4.933,-1.65,-38.33,-9.64,0.68,-0.12,-0.30,Laufen
4.688,4.933,-2.99,-34.61,-5.37,0.70,-0.11,-0.30,Laufen
4.7,4.933,-3.78,-35.83,-2.81,0.72,-0.13,-0.31,Laufen
4.712,4.933,-4.39,-37.29,-0.18,0.77,-0.15,-0.34,Laufen
4.724,4.933,-4.15,-37.60,2.32,0.81,-0.13,-0.35,Laufen
4.736,4.933,-4.52,-30.09,5.86,0.76,-0.14,-0.36,Laufen
4.748,4.933,-5.19,-24.66,8.85,0.74,-0.16,-0.38,Laufen
4.76,4.933,-6.47,-26.06,9.34,0.76,-0.16,-0.38,Laufen
4.772,4.933,-7.45,-28.14,10.13,0.76,-0.17,-0.37,Laufen
4.784,4.933,-9.89,-25.02,12.33,0.77,-0.19,-0.37,Laufen
4.796,4.933,-9.95,-28.02,11.60,0.79,-0.20,-0.41,Laufen
4.808,4.933,-11.66,-25.94,12.27,0.83,-0.21,-0.42,Laufen
4.82,4.933,-11.11,-22.64,13.67,0.84,-0.20,-0.44,Laufen
4.832,4.933,-10.74,-21.85,11.96,0.87,-0.19,-0.47,Laufen
4.844,4.933,-11.84,-20.69,11.66,0.85,-0.22,-0.47,Laufen
4.856,4.933,-10.01,-23.38,9.46,0.82,-0.20,-0.48,Laufen
4.868,4.933,-11.90,-22.64,9.34,0.81,-0.19,-0.48,Laufen
4.88,4.944,-13.00,-22.28,8.48,0.81,-0.21,-0.50,Laufen
4.892,4.965,-13.73,-17.46,8.24,0.83,-0.21,-0.54,Laufen
4.904,4.973,-14.53,-13.61,8.00,0.84,-0.22,-0.54,Laufen
4.916,4.979,-16.05,-8.97,8.97,0.83,-0.24,-0.53,Laufen
4.928,4.99,-13.37,-6.41,8.48,0.85,-0.25,-0.55,Laufen
4.94,5.004,-14.16,-4.15,7.39,0.84,-0.24,-0.56,Laufen
4.952,5.029,-12.88,-5.43,8.36,0.84,-0.24,-0.60,Laufen
4.964,5.029,-12.27,-7.39,8.54,0.86,-0.26,-0.63,Laufen
4.976,5.038,-9.46,-10.38,9.09,0.89,-0.27,-0.67,Laufen
4.988,5.058,-7.20,-11.17,11.54,0.88,-0.27,-0.69,Laufen
5.0,5.066,-5.25,-13.43,13.55,0.90,-0.25,-0.71,Laufen
5.012,5.079,-5.55,-14.95,15.75,0.90,-0.28,-0.71,Laufen
5.024,5.093,-3.97,-17.76,16.66,0.86,-0.30,-0.70,Laufen
5.036,5.1,-5.86,-23.56,16.85,0.82,-0.27,-0.67,Laufen
5.048,5.11,-6.16,-27.71,16.11,0.78,-0.25,-0.62,Laufen
5.06,5.133,-9.64,-25.82,15.32,0.75,-0.24,-0.60,Laufen
5.072,5.14,-9.95,-28.02,15.20,0.70,-0.25,-0.58,Laufen
5.084,5.154,-10.13,-27.22,16.48,0.71,-0.24,-0.59,Laufen
5.096,5.162,-8.91,-27.53,17.76,0.72,-0.26,-0.61,Laufen
5.108,5.17,-7.57,-28.14,19.23,0.70,-0.28,-0.64,Laufen
5.141,5.203,-3.05,-34.85,22.34,0.73,-0.29,-0.71,Laufen
5.153,5.215,-0.73,-31.86,23.56,0.72,-0.30,-0.70,Laufen
5.166,5.23,1.95,-34.18,22.64,0.68,-0.29,-0.67,Laufen
5.178,5.243,2.75,-34.67,21.85,0.63,-0.28,-0.67,Laufen
5.19,5.258,1.46,-34.42,20.39,0.61,-0.27,-0.65,Laufen
5.202,5.268,3.66,-38.21,18.37,0.56,-0.28,-0.61,Laufen
5.215,5.299,5.00,-42.42,15.20,0.53,-0.28,-0.57,Laufen
5.227,5.299,3.23,-42.85,13.92,0.53,-0.29,-0.53,Laufen
5.239,5.352,3.78,-42.66,10.62,0.53,-0.29,-0.55,Laufen
5.251,5.352,3.17,-41.75,8.48,0.52,-0.30,-0.57,Laufen
5.263,5.368,3.36,-41.93,5.07,0.54,-0.28,-0.57,Laufen
5.275,5.368,9.46,-43.64,1.40,0.51,-0.29,-0.55,Laufen
5.287,5.368,7.39,-37.72,-0.49,0.51,-0.29,-0.60,Laufen
5.299,5.368,9.03,-38.21,-1.95,0.54,-0.30,-0.61,Laufen
5.311,5.386,10.80,-36.44,-3.11,0.51,-0.30,-0.62,Laufen
5.323,5.452,13.55,-35.77,-3.05,0.52,-0.29,-0.64,Laufen
5.335,5.571,12.76,-30.58,-1.71,0.53,-0.31,-0.65,Laufen
5.347,5.571,16.11,-30.15,-1.10,0.55,-0.30,-0.67,Laufen
5.359,5.571,16.91,-30.09,-0.79,0.57,-0.33,-0.69,Laufen
5.371,5.571,21.48,-31.19,-1.89,0.58,-0.33,-0.70,Laufen
5.383,5.571,23.68,-31.19,-3.05,0.58,-0.35,-0.69,Laufen
5.395,5.571,22.28,-32.10,-5.13,0.57,-0.35,-0.68,Laufen
5.407,5.571,23.32,-35.58,-5.68,0.57,-0.36,-0.66,Laufen
5.419,5.571,25.94,-34.67,-7.63,0.54,-0.36,-0.66,Laufen
5.431,5.571,27.65,-35.34,-8.67,0.54,-0.34,-0.66,Laufen
5.443,5.571,26.55,-30.52,-8.24,0.56,-0.34,-0.68,Laufen
5.455,5.571,29.36,-29.66,-9.95,0.58,-0.35,-0.71,Laufen
5.467,5.571,31.31,-29.79,-10.86,0.57,-0.35,-0.71,Laufen
5.479,5.571,33.33,-33.69,-13.37,0.58,-0.35,-0.73,Laufen
5.491,5.571,35.52,-35.46,-15.87,0.59,-0.35,-0.71,Laufen
5.503,5.571,32.35,-28.08,-15.69,0.59,-0.34,-0.70,Laufen
5.515,5.579,34.97,-28.93,-17.09,0.58,-0.32,-0.69,Laufen
5.527,5.594,36.01,-28.44,-19.41,0.57,-0.32,-0.67,Laufen
5.539,5.601,36.62,-27.40,-19.71,0.58,-0.31,-0.66,Laufen
5.551,5.626,38.02,-27.04,-20.14,0.57,-0.32,-0.66,Laufen
5.563,5.636,41.32,-29.54,-20.39,0.55,-0.31,-0.63,Laufen
5.575,5.645,41.50,-30.94,-20.02,0.57,-0.27,-0.62,Laufen
5.587,5.651,41.93,-28.02,-19.90,0.58,-0.27,-0.63,Laufen
5.599,5.668,44.49,-27.10,-19.47,0.59,-0.28,-0.66,Laufen
5.611,5.674,45.72,-27.65,-18.01,0.61,-0.28,-0.69,Laufen
5.623,5.706,47.67,-24.96,-18.55,0.65,-0.30,-0.72,Laufen
5.635,5.719,48.89,-27.59,-18.62,0.68,-0.32,-0.75,Laufen
5.647,5.719,48.28,-25.57,-18.25,0.68,-0.32,-0.76,Laufen
5.659,5.761,48.52,-29.79,-19.47,0.68,-0.33,-0.75,Laufen
5.671,5.761,47.79,-36.32,-22.16,0.69,-0.32,-0.73,Laufen
5.683,5.774,43.58,-33.63,-22.64,0.66,-0.32,-0.69,Laufen
5.695,5.774,42.60,-37.78,-25.09,0.60,-0.32,-0.64,Laufen
5.707,5.774,38.15,-41.81,-27.04,0.60,-0.32,-0.60,Laufen
5.719,5.781,33.69,-42.91,-29.79,0.62,-0.33,-0.58,Laufen
5.731,5.797,33.39,-41.08,-30.64,0.59,-0.32,-0.54,Laufen
5.743,5.805,31.49,-41.75,-32.53,0.56,-0.30,-0.51,Laufen
5.755,5.819,29.24,-41.81,-35.03,0.57,-0.33,-0.49,Laufen
5.767,5.831,29.17,-40.16,-36.13,0.61,-0.36,-0.51,Laufen
5.779,5.847,31.01,-41.99,-36.01,0.65,-0.35,-0.52,Laufen
5.791,5.863,30.58,-37.41,-35.22,0.70,-0.37,-0.53,Laufen
5.803,5.88,30.76,-36.80,-33.69,0.75,-0.38,-0.53,Laufen
5.815,5.88,31.49,-36.13,-31.49,0.79,-0.40,-0.54,Laufen
5.827,5.928,31.80,-36.62,-29.85,0.83,-0.39,-0.57,Absetzen
5.839,5.945,31.98,-33.33,-27.95,0.87,-0.39,-0.56,Absetzen
5.851,5.945,31.98,-26.00,-25.02,0.88,-0.39,-0.55,Absetzen
5.863,5.945,34.24,-23.13,-25.76,0.86,-0.40,-0.53,Absetzen
5.875,6.012,34.30,-16.66,-24.54,0.84,-0.37,-0.52,Absetzen
5.887,6.012,34.12,-7.20,-20.63,0.77,-0.35,-0.51,Absetzen
5.899,6.012,31.37,0.18,-17.27,0.68,-0.32,-0.49,Absetzen
5.911,6.012,25.21,0.92,-14.22,0.61,-0.30,-0.48,Absetzen
5.923,6.012,18.62,-2.56,-12.21,0.54,-0.29,-0.45,Absetzen
5.935,6.03,18.31,-9.64,-9.70,0.52,-0.27,-0.46,Absetzen
5.947,6.03,17.52,-13.73,-6.10,0.54,-0.27,-0.47,Absetzen
5.959,6.03,14.53,-13.79,-3.30,0.53,-0.29,-0.48,Absetzen
5.971,6.055,12.76,-15.75,-0.92,0.55,-0.30,-0.50,Absetzen
5.983,6.083,13.55,-18.80,2.01,0.59,-0.31,-0.51,Absetzen
5.995,6.083,13.43,-18.80,3.11,0.59,-0.32,-0.54,Absetzen
6.007,6.091,13.49,-21.42,5.31,0.60,-0.33,-0.56,Absetzen
6.019,6.091,11.66,-24.72,6.23,0.63,-0.32,-0.61,Absetzen
6.031,6.111,10.56,-28.32,7.63,0.63,-0.34,-0.64,Absetzen
6.043,6.12,10.01,-31.74,8.30,0.67,-0.36,-0.64,Absetzen
6.055,6.12,7.32,-31.37,9.46,0.65,-0.40,-0.66,Absetzen
6.067,6.129,7.02,-36.07,8.54,0.64,-0.42,-0.67,Absetzen
6.079,6.144,6.65,-38.09,9.34,0.65,-0.41,-0.68,Absetzen
6.091,6.171,5.07,-36.68,10.19,0.63,-0.41,-0.67,Absetzen
6.103,6.184,5.92,-35.52,10.62,0.58,-0.41,-0.67,Absetzen
6.115,6.184,5.07,-33.45,11.47,0.56,-0.41,-0.64,Absetzen
6.127,6.189,4.27,-34.97,11.54,0.54,-0.40,-0.61,Absetzen
6.139,6.209,4.27,-38.39,10.38,0.53,-0.40,-0.61,Absetzen
6.172,6.235,5.43,-35.77,11.72,0.53,-0.36,-0.60,Absetzen
6.184,6.249,5.13,-33.14,12.39,0.53,-0.37,-0.59,Absetzen
6.196,6.267,5.68,-30.82,12.94,0.54,-0.34,-0.60,Absetzen
6.208,6.286,6.71,-29.48,12.57,0.54,-0.34,-0.60,Absetzen
6.22,6.292,4.82,-29.48,13.37,0.56,-0.34,-0.60,Absetzen
6.232,6.299,4.52,-27.28,13.43,0.59,-0.34,-0.62,Absetzen
6.244,6.306,4.27,-27.34,13.43,0.59,-0.36,-0.64,Absetzen
6.256,6.322,5.37,-29.42,13.67,0.55,-0.34,-0.65,Absetzen
6.268,6.33,7.32,-36.74,12.33,0.56,-0.35,-0.64,Absetzen
6.28,6.352,8.48,-38.33,12.45,0.54,-0.33,-0.63,Absetzen
6.292,6.358,8.54,-42.42,12.94,0.49,-0.32,-0.61,Absetzen
6.304,6.367,8.12,-47.97,15.08,0.47,-0.31,-0.62,Absetzen
6.317,6.398,10.56,-59.20,17.88,0.44,-0.30,-0.57,Absetzen
6.329,6.398,12.45,-65.49,19.23,0.50,-0.28,-0.56,Absetzen
6.341,6.407,12.94,-65.61,22.71,0.45,-0.28,-0.51,Absetzen
6.353,6.415,12.15,-69.70,21.55,0.45,-0.23,-0.54,Absetzen
6.365,6.43,12.45,-64.21,25.94,0.43,-0.24,-0.55,Absetzen
6.377,6.44,16.48,-61.95,28.38,0.38,-0.23,-0.54,Absetzen
6.389,6.451,17.94,-66.47,32.17,0.38,-0.25,-0.58,Absetzen
6.402,6.468,21.48,-81.24,31.13,0.35,-0.26,-0.64,Absetzen
6.414,6.479,24.17,-93.75,33.08,0.45,-0.24,-0.66,Absetzen
6.426,6.496,23.74,-97.53,34.48,0.45,-0.25,-0.62,Absetzen
6.438,6.538,23.80,-91.00,37.23,0.45,-0.26,-0.57,Absetzen
6.45,6.561,23.68,-79.04,39.55,0.42,-0.26,-0.56,Absetzen
6.462,6.561,21.85,-64.27,41.87,0.35,-0.27,-0.60,Absetzen
6.474,6.561,22.52,-54.44,43.27,0.38,-0.29,-0.64,Absetzen
6.486,6.561,25.70,-34.73,46.88,0.42,-0.29,-0.75,Absetzen
6.498,6.561,31.01,-13.61,49.56,0.42,-0.28,-0.80,Absetzen
6.51,6.592,33.63,7.39,53.04,0.41,-0.31,-0.81,Absetzen
6.522,6.706,38.33,26.61,55.66,0.42,-0.34,-0.79,Absetzen
6.534,6.706,43.46,41.26,59.63,0.39,-0.38,-0.72,Absetzen
6.546,6.706,48.34,39.31,59.51,0.35,-0.40,-0.65,Absetzen
6.558,6.706,50.96,31.86,59.02,0.40,-0.49,-0.58,Absetzen
6.57,6.706,52.00,33.75,58.53,0.42,-0.51,-0.56,Absetzen
6.582,6.706,46.51,25.39,53.77,0.35,-0.54,-0.64,Absetzen
6.594,6.706,38.51,4.94,48.52,0.38,-0.64,-0.74,Absetzen
6.606,6.706,43.58,-5.00,46.02,0.50,-0.66,-0.77,Absetzen
6.618,6.706,46.51,-5.43,44.07,0.45,-0.60,-0.74,Absetzen
6.63,6.706,38.33,-10.44,39.79,0.37,-0.63,-0.72,Absetzen
6.642,6.717,37.78,-18.80,38.57,0.29,-0.65,-0.64,Absetzen
6.654,6.733,39.86,-26.06,40.47,0.28,-0.61,-0.58,Absetzen
6.666,6.733,37.41,-28.38,41.63,0.24,-0.60,-0.62,Absetzen
6.678,6.742,35.52,-28.38,41.69,0.29,-0.65,-0.70,Absetzen
6.69,6.763,37.78,-18.74,41.69,0.35,-0.65,-0.78,Absetzen
6.702,6.78,37.96,-8.06,39.31,0.36,-0.70,-0.83,Absetzen
6.714,6.797,36.74,-4.15,33.20,0.36,-0.68,-0.82,Absetzen
6.726,6.797,36.93,-3.36,30.58,0.33,-0.67,-0.75,Absetzen
6.738,6.811,38.45,-9.77,26.31,0.30,-0.67,-0.69,Absetzen
6.75,6.824,39.43,-15.20,25.70,0.28,-0.71,-0.63,Absetzen
6.762,6.836,41.81,-18.98,26.55,0.33,-0.76,-0.60,Absetzen
6.774,6.844,43.46,-18.80,27.89,0.35,-0.77,-0.55,Absetzen
6.786,6.87,42.24,-16.30,27.47,0.31,-0.79,-0.54,Absetzen
6.798,6.87,38.88,-18.62,27.83,0.28,-0.80,-0.55,Absetzen
6.81,6.883,39.12,-18.07,27.34,0.30,-0.81,-0.56,Absetzen
6.822,7.003,38.94,-14.22,27.77,0.28,-0.80,-0.58,Absetzen
6.834,7.003,38.33,-16.72,27.10,0.30,-0.80,-0.65,Absetzen
6.846,7.003,36.38,-15.99,25.15,0.32,-0.81,-0.70,Absetzen
6.858,7.003,35.83,-18.68,22.52,0.29,-0.81,-0.68,Absetzen
6.87,7.003,32.17,-22.77,20.32,0.26,-0.80,-0.65,Absetzen
6.882,7.003,29.91,-23.13,20.02,0.23,-0.78,-0.58,Absetzen
6.894,7.003,27.28,-24.96,19.10,0.22,-0.78,-0.55,Absetzen
6.906,7.003,26.37,-27.53,18.49,0.20,-0.78,-0.53,Absetzen
6.918,7.003,25.51,-34.00,18.25,0.20,-0.74,-0.53,Absetzen
6.93,7.003,21.61,-42.72,17.82,0.20,-0.76,-0.53,Absetzen
6.942,7.009,20.81,-41.75,19.04,0.25,-0.77,-0.55,Absetzen
6.954,7.023,18.68,-43.27,24.48,-0.17,-0.69,-0.54,Absetzen
6.966,7.031,15.01,-44.92,18.92,0.49,-0.78,-0.65,Absetzen
6.978,7.039,18.86,-5.80,19.59,0.42,-0.75,-0.62,Absetzen
6.99,7.053,18.43,-2.01,24.35,0.23,-0.81,-0.58,Absetzen
7.002,7.067,24.54,-11.66,16.60,0.26,-0.84,-0.45,Absetzen
7.014,7.079,27.47,-22.22,16.42,0.20,-0.73,-0.50,Absetzen
7.026,7.104,16.97,-32.10,12.76,0.27,-0.80,-0.56,Absetzen
7.038,7.118,25.21,-25.15,17.70,0.27,-0.81,-0.52,Absetzen
7.05,7.13,25.39,-15.87,19.65,0.29,-0.75,-0.53,Absetzen
7.062,7.13,21.79,0.55,23.44,0.33,-0.83,-0.52,Absetzen
7.074,7.169,29.05,12.76,26.31,0.29,-0.81,-0.48,Absetzen
7.086,7.313,28.32,4.15,24.90,0.16,-0.77,-0.49,Absetzen
7.098,7.313,20.32,-16.17,21.12,0.12,-0.79,-0.52,Absetzen
7.11,7.313,16.54,-30.52,20.51,0.21,-0.82,-0.55,Absetzen
7.122,7.313,15.99,-24.05,23.56,0.20,-0.81,-0.57,Absetzen
7.134,7.313,13.06,-11.11,23.32,0.13,-0.80,-0.57,Absetzen
7.146,7.313,10.74,-6.53,23.56,0.14,-0.85,-0.55,Absetzen
7.158,7.313,11.11,-5.62,22.40,0.15,-0.88,-0.52,Absetzen
7.17,7.313,12.51,-5.37,19.29,0.13,-0.80,-0.47,Absetzen
7.203,7.313,11.11,25.09,17.76,0.13,-0.76,-0.54,Absetzen
7.215,7.313,1.16,17.88,15.32,0.08,-0.79,-0.58,Absetzen
7.227,7.313,-1.83,4.64,6.90,0.19,-0.80,-0.58,Absetzen
7.239,7.313,2.56,2.75,6.10,0.26,-0.81,-0.57,Absetzen
7.251,7.329,2.75,7.32,0.67,0.17,-0.73,-0.55,Absetzen
7.263,7.338,-2.50,3.36,-1.04,0.15,-0.78,-0.51,Absetzen
7.275,7.344,-0.73,1.16,-3.23,0.20,-0.82,-0.48,Absetzen
7.287,7.363,1.65,4.58,-3.91,0.18,-0.81,-0.43,Absetzen
7.299,7.382,-1.04,-0.49,-6.59,0.11,-0.83,-0.44,Absetzen
7.311,7.382,-1.59,-15.63,-8.24,0.13,-0.88,-0.49,Absetzen
7.323,7.401,0.24,-19.29,-9.34,0.22,-0.89,-0.54,Absetzen
7.335,7.414,1.95,-12.82,-8.24,0.27,-0.88,-0.57,Absetzen
7.347,7.414,2.81,-2.14,-6.35,0.22,-0.87,-0.55,Absetzen
7.359,7.422,2.44,3.85,-5.00,0.18,-0.89,-0.53,Absetzen
7.372,7.439,1.77,15.38,-2.87,0.20,-0.89,-0.51,Absetzen
7.384,7.446,0.43,35.40,0.06,0.21,-0.91,-0.49,Absetzen
7.396,7.462,-1.71,67.08,1.28,0.26,-0.90,-0.50,Absetzen
7.409,7.486,-5.49,103.27,3.36,0.25,-0.90,-0.52,Absetzen
7.421,7.487,-5.80,114.32,-3.30,0.04,-0.89,-0.56,Absetzen
7.433,7.496,-7.45,86.00,-7.75,-0.02,-0.88,-0.55,Absetzen
7.445,7.521,-9.64,47.67,-14.89,0.08,-0.87,-0.53,Absetzen
7.457,7.534,-6.65,22.89,-18.43,0.17,-0.84,-0.49,Absetzen
7.469,7.542,-6.65,18.07,-19.41,0.25,-0.83,-0.46,Absetzen
7.481,7.549,-9.03,29.17,-17.64,0.29,-0.85,-0.43,Absetzen
7.493,7.556,-8.24,59.02,-14.59,0.40,-0.88,-0.43,Absetzen
7.506,7.569,-6.77,102.91,-10.13,0.46,-0.89,-0.47,Absetzen
7.518,7.581,-4.64,146.24,-6.23,0.44,-0.87,-0.52,Absetzen
7.53,7.594,-1.34,173.03,-4.39,0.32,-0.87,-0.57,Absetzen
7.542,7.605,4.70,176.09,-5.43,0.26,-0.85,-0.60,Absetzen
7.554,7.622,7.81,160.95,-9.89,0.23,-0.83,-0.61,Absetzen
7.566,7.629,8.85,133.00,-18.07,0.26,-0.79,-0.67,Absetzen
7.578,7.641,5.07,110.11,-22.64,0.39,-0.81,-0.65,Absetzen
7.59,7.658,3.85,100.77,-28.93,0.45,-0.83,-0.62,Absetzen
7.602,7.664,5.19,91.49,-34.30,0.45,-0.85,-0.60,Absetzen
7.615,7.684,6.84,79.71,-40.53,0.42,-0.83,-0.56,Absetzen
7.627,7.691,4.76,72.51,-45.41,0.46,-0.82,-0.54,Absetzen
7.639,7.701,3.23,66.53,-48.83,0.47,-0.78,-0.51,Absetzen
7.651,7.726,3.36,59.63,-50.84,0.49,-0.77,-0.51,Absetzen
7.663,7.733,5.31,52.43,-52.80,0.55,-0.76,-0.51,Absetzen
7.675,7.741,7.08,50.78,-53.59,0.58,-0.75,-0.48,Absetzen
7.687,7.749,11.29,56.88,-51.64,0.60,-0.75,-0.47,Absetzen
7.699,7.763,14.34,67.99,-49.50,0.61,-0.71,-0.45,Absetzen
7.711,7.785,19.53,80.51,-47.55,0.62,-0.70,-0.44,Absetzen
7.723,7.791,24.41,90.82,-45.10,0.61,-0.66,-0.43,Absetzen
7.735,7.798,29.05,100.52,-44.07,0.64,-0.64,-0.44,Absetzen
7.748,7.818,32.84,108.76,-40.47,0.63,-0.65,-0.41,Absetzen
7.76,7.825,37.48,109.99,-38.39,0.63,-0.67,-0.36,Absetzen
7.772,7.836,43.09,109.07,-36.07,0.62,-0.69,-0.33,Absetzen
7.784,7.852,48.22,112.92,-35.71,0.65,-0.68,-0.28,Absetzen
7.796,7.86,52.31,123.66,-31.68,0.68,-0.67,-0.25,Absetzen
7.808,7.872,56.76,133.12,-27.22,0.65,-0.66,-0.25,Absetzen
7.82,7.889,63.54,135.44,-24.66,0.61,-0.66,-0.23,Absetzen
7.832,7.896,71.47,131.71,-21.18,0.64,-0.64,-0.25,Absetzen
7.844,7.907,73.30,130.49,-19.35,0.75,-0.64,-0.19,Absetzen
7.856,7.927,74.40,132.51,-12.88,0.70,-0.69,-0.18,Absetzen
7.868,7.938,82.15,123.84,-8.91,0.65,-0.69,-0.16,Absetzen
7.88,7.946,91.92,109.74,-7.51,0.64,-0.64,-0.14,Absetzen
7.892,7.954,97.78,95.15,-4.64,0.59,-0.61,-0.14,Absetzen
7.904,7.968,98.94,76.84,-4.39,0.58,-0.57,-0.11,Absetzen
7.916,7.99,98.94,54.14,-2.87,0.55,-0.57,-0.08,Absetzen
7.928,7.996,97.35,30.52,-1.77,0.53,-0.55,-0.07,Absetzen
7.94,8.003,98.27,8.73,-0.24,0.54,-0.55,-0.04,Absetzen
7.953,8.039,97.78,-10.38,1.65,0.53,-0.54,-0.03,Absetzen
7.965,8.047,96.19,-26.55,2.69,0.57,-0.53,-0.01,Absetzen
7.977,8.047,94.30,-40.16,3.54,0.62,-0.53,0.01,Absetzen
7.989,8.055,93.26,-50.72,4.88,0.67,-0.56,0.02,Absetzen
8.001,8.063,92.83,-58.59,5.62,0.70,-0.57,0.02,Absetzen
8.013,8.078,93.26,-64.64,7.93,0.70,-0.58,0.05,Absetzen
8.025,8.094,93.26,-67.81,7.69,0.67,-0.56,0.05,Absetzen
8.037,8.1,93.99,-72.75,6.53,0.66,-0.52,0.08,Absetzen
8.049,8.111,91.92,-72.08,6.41,0.66,-0.52,0.12,Absetzen
8.061,8.132,89.48,-70.74,5.55,0.65,-0.53,0.13,Absetzen
8.073,8.138,88.44,-71.04,5.68,0.61,-0.54,0.13,Absetzen
8.085,8.148,86.30,-73.79,5.19,0.60,-0.53,0.14,Absetzen
8.097,8.162,85.14,-74.95,6.16,0.60,-0.53,0.15,Absetzen
8.109,8.171,84.05,-75.68,7.20,0.62,-0.55,0.16,Absetzen
8.121,8.203,83.74,-74.89,9.34,0.59,-0.56,0.19,Absetzen
8.133,8.203,86.18,-76.29,11.29,0.57,-0.57,0.20,Absetzen
8.145,8.214,87.95,-80.14,13.73,0.55,-0.56,0.18,Absetzen
8.157,8.226,88.07,-84.17,16.36,0.56,-0.55,0.20,Absetzen
8.169,8.234,89.90,-86.55,20.69,0.58,-0.56,0.21,Absetzen
8.181,8.242,90.09,-90.58,25.21,0.58,-0.58,0.23,Absetzen
8.193,8.255,90.64,-94.60,30.46,0.57,-0.59,0.22,Absetzen
8.226,8.29,93.75,-113.10,43.95,0.59,-0.54,0.25,Absetzen
8.238,8.305,91.67,-118.90,49.19,0.61,-0.53,0.26,Absetzen
8.25,8.312,87.65,-123.78,54.93,0.67,-0.53,0.26,Absetzen
8.262,8.335,82.46,-126.65,58.11,0.74,-0.57,0.27,Absetzen
8.274,8.341,78.12,-115.30,63.11,0.79,-0.61,0.29,Absetzen
8.286,8.351,77.21,-101.75,68.48,0.76,-0.62,0.30,Absetzen
8.298,8.364,75.99,-89.97,72.02,0.74,-0.61,0.33,Absetzen
8.31,8.374,71.17,-85.94,73.06,0.68,-0.59,0.32,Absetzen
8.322,8.396,52.12,-93.99,72.02,0.70,-0.64,0.33,Absetzen
8.334,8.404,40.89,-105.29,64.70,0.72,-0.74,0.31,Absetzen
